<?xml version="1.0" encoding="UTF-8"?>
<project-private xmlns="http://www.netbeans.org/ns/project-private/1">
    <editor-bookmarks xmlns="http://www.netbeans.org/ns/editor-bookmarks/2" lastBookmarkId="0"/>
    <open-files xmlns="http://www.netbeans.org/ns/projectui-open-files/2">
        <group>
            <file>file:/C:/Users/Tu%20cuenta/Downloads/Formularios%20Venta%20y%20Producto/Proyecto/src/proyecto/FrmVenta.java</file>
            <file>file:/C:/Users/Tu%20cuenta/Downloads/Formularios%20Venta%20y%20Producto/Proyecto/src/proyecto/Proyecto.java</file>
            <file>file:/C:/Users/Tu%20cuenta/Downloads/Formularios%20Venta%20y%20Producto/Proyecto/src/proyecto/FrmCompras.java</file>
            <file>file:/C:/Users/Tu%20cuenta/Downloads/Formularios%20Venta%20y%20Producto/Proyecto/src/proyecto/FrmAbonos.java</file>
            <file>file:/C:/Users/Tu%20cuenta/Downloads/Formularios%20Venta%20y%20Producto/Proyecto/src/proyecto/Frmproducto.java</file>
        </group>
    </open-files>
</project-private>
